"","x"
"1","628"
"2","나는 이 일이 생기면 그냥 밖에서 집짓고 살아야할것같구나 얘들아"
"3","포항제철(Pohang Steel Corporation)줄여서 POSCO(포스코)"
"4","종이야 존나 찐따같아 그거"
"5","크...막컷 연출 지리네요"
"6","포항 제철소 포스코냐"
"7","종이 중2병;;"
"8","작가님 고향이 포항인가?"
"9","종하다 추이야"
"10","종이 이 ^ㅐ끼는 그래도 예전에는 그나마 간지 났는데 이젠 그냥 가오쳐잡는 약쟁이로 보이네 사실 그게 맞기는 한데 ㅋㅋ"
"11","철도 방사능 쳐 먹나보네ㅋㅋㅋㅋ"
"12","스토리도 그림도 짱이요."
"13","워싱칭따오"
"14","드디어 따라잡앗다! 진실이라... 뭔지 긍금하구만"
"15","역시 세번째 베댓 새끼는 관종 정신병자인게 분명에 포항에 포스코가 있으니까 그렇지 어휴 멍청한게 베댓인이유는 네이버 오덕들이 ㅂㅅ이라는 증거다"
"16","나중에 전설의 대장장이 키즈가 나오는 거지."
"17","종이 시렁.."
"18","클린봇이 부적절한 표현을 감지한 댓글입니다."
"19","종이 저 새끼는 진짜 지멋대로 끝판왕이다 으이그 총리밖에 모르고..ㅋㅋㅋ"
"20","정확히 말하면 문제를 일으키실 분이 아니잖아 자체가 이상한거 아니냐 일으키실의 주어가 문제잖아 문제를 높여말하는거 아닌가"
"21","종이좀 제발 찢어 죽여줘"
"22","포스코 주식을 사야되."
"23","종이한테만 그럴수 밖에 없는게 너무 밉상임;;"
"24","워싱 칭따오"
"25","종이한테만그러지마라 총리가저걸 모를리가없음 알면서도 넘어가거나 불리해지면 종이버리고 지는깨긋한척하려고 냅두는거겠지 땡전은 지말안들어도 냅두는거보면 알잖아"
"26","그냥 딱이거네 신도림도 힘들때는 냅뒀는데 어느정도 안정권에 들어서니까 자기하고 맞먹을만한 권력자들이 하나둘생기니까 무슨명분을 갖다붙혀서라도 쳐내는거네 오룡때도그렇고 pd때도그렇고 지금박사때도그렇고 무너질일만남았네 종이저거 마지막쯤에는 총리한터 총알받이로 버려진다에 한표검 종이가독단으로저랬다고"
"27","저 공책 불붙여서 태워버리면 안되나"
"28","포항제철고등학교도 있고 포항은 그런쪽으로도 유명하니 반영한듯요"
"29","아오 누가 죽었다하면 다 종이짓이네 트롤쉬키"
"30","종이새끼가 만악의 근원이네"
"31","종이 텔포 오지게 타네"
"32","포항에 도대체 뭐가 있는겨"
"33","대통은닭이다..닭장서 모이 처.묵느라 나랏일은 몰러..ㅋㅋ 간신배가.다해처묵내.."
"34","종이야 너는 죽을때도 찢어져야된다"
"35","일으시킬ㅡ일으키실 아닌가"
"36","종이는 나중에 갈갈이 찢겨서는 죽는게 맞나부다"
"37","근데 총리는 있는데 왜 대통령은 없냐?"
"38","역대급으로 졸렬한 캐릭터가 이종이 진짜;; 졸라 비열해"
"39","포항하면 대한민국 해병대 1사단이지"
"40","뜯긴종이가6겹밖에 없네 6명밖에 안죽인건가"
"41","포항에 포스코있어서 그런듯 ㅋㅋ"
"42","종하다 추이야"
"43","종하다 추이야"
"44","도그마 F12를 갖다 버리라니...1900만원이나 하는건데.."
"45","배뎃1에 좋아요눌렀다.. 종이 얜 뭐지..ㅡㅡ"
"46","막베댓 포항이 제철도시인 건 다들 아는데 지상이 저 난리가 난 상황에서 철 수급이 제대로 가능할 리가 없잖음.. 그런데도 저렇게 철을 수급하고 그러는 거 보면 또 뭔가 떡밥이 있지 않을까 하는 거지"
"47","종이가 말하는게 복선일수도 있다고 생각함맨날 구라로 사망사유 썼는데,저 자전거 봉안에 페달 밟아서 생긴 에너지를엄청난 양을 저장하는 오버테크같은게 있을듯...그래서 개인전기 빼돌렸다는걸 복선으로(?)쓰신건가 싶기도ㅋㅋㅋ자전거 바퀴가 돌린 거대휠은 신도림으로,개인적으로 휠안에 몰래 여태까지 모인 전력은비돌의 전지로 쓰이려나"
"48","그럼 대구는 불에 도시임?ㅋㅋ"
"49","히터 투잡 뛰자너 쉬게 둬~"
"50","아니 진짜 배댓 말대로 포항애 뭐 외계 강철이라도 있냐?"
"51","아니 고작 자전거 동력으로 도시 전력공급이 가능한 발전기 개발자를 슥삭 해버린다고? ㄷ ㅋㅋㅋ 에너지 보존법칙따윈 무시하는 기술 같은데 ㄷ"
"52","종이가 죽이고 싶어죽이냐,,,,다 위에서 시키는거지,,,"
"53","진념 불편쓰..."
"54","진념 > 집념"
"55","종이 이새끼..."
"56","오늘 천둥을 못봐서 안본줄알고 또 들어왔네;"
"57","김 균 박사(당시 48) 가 니네 친구도 아니고 김박사가 아니라 균박사로 부르다니 하여간에 키즈새키들 ㅋㅋ"
"58","집념을 진념이라 한건 아무도 못보누노"
"59","여러분 혹시나지만 진짜 이름이 균이신것입니다"
"60","크으 포항이 최고다♡"
"61","또 이종이 새키네 또 어휴;"
"62","종이 이시끼는 어유"
"63","종이 쪼가리"
"64","종이가 문제네박무봉 수준"
"65","김균이 얼굴에 김균있구만"
"66","종이 이 새끼는 시나리오쓰는 실력이 늘지를않네"
"67","박사님..ㅠㅠ"
"68","종이는 보면 볼수록 떡락하는빌런이네"
"69","덥다"
"70","포항 제철..."
"71","박사님 처음 나오고 바로 나가는데 왤캐 임팩트가 쩔지"
"72","추이 새끼 뒤졌으면"
"73","이종이와 싸워 이기는법 지금 시작합니다"
"74","균박사 마지막 대사 개멋지네..."
"75","일으키실 인데 일으시킬이라 적혀있네요"
"76","weo sing ching dda o"
"77","포항에 제철소가 많고 미성년자노동자도 많음 그 미성년자 노동자가 키즈가 되서 어마어마한 제철소를 만들었겠지 멍청이들아"
"78","균박사 간지 쩌네 ㄹㅇ 생긴거 그냥 엑스트라인줄 알았는데 이건 뭐 엑스트라들중 최고다"
"79","주인공빠따도 포항꺼 아니냐? 베뎃좀시켜줘라"
"80","워싱칭따오"
"81","종이는 진짜 고통스러운 결말이 필요하다"
"82","종이는 ㄹㅇ 외형만 아니면 애즌작에 독자들의 반발에 뒤지고도 남음"
"83","와칸다 포에버"
"84","강철 포스코 이색기야"
"85","관상은 과학인데 비껴갔다"
"86","우리나라 검찰을 보는 같네"
"87","근데 오타지적하는 베댓들 말투 ㅈㄴ 띠껍네ㅋㅋ"
"88","종이쉨 사지거혈하고 오지까지 짤라버려라"
"89","워싱칭따오"
"90","종이 이색기는 틈만나면 이리저리 족치러사네"
"91","균박사가 첫번째 자전거를 건네주면서 안장을 만지면서 특별하다고 하는게 저 첫 자전거의 안장안에 균박사가 구속수사가 될 만한 어떤게 있는듯?"
"92","저 한장에 나무가 얼마나 들어간지 아냐 너는 나무의 목숨과 사람의 목숨을 동시에 빼앗는겨"
"93","날이갈수록 고평가받는 땡전 날이갈수록 욕만처먹는 종이 ㅋㅋ..."
"94","포항 골목식당있음"
"95","종이는 암살자냐? 하는짓은 꼭 하이에나 같아보이는구만"
"96","종이 저새끼 ㅈㄴ 추하게 뒤졌음 좋겠다"
"97","0"
"98","그정도 기술이면 오토바이는 만들 수 없나???"
"99","종이 하는짓이 현정권하는짓이랑같네"
"100","종이는 불타서 죽었음 좋겠네"
"101","진념 : 윗사람이 아랫사람을 걱정하며 생각함이라는 뜻이 있긴한데 이 의미로 작가님이 쓰신건지.. 오타가 난건지 모르겠내요 ㅠ"
"102","다들 종이만 욕하는데 진짜 더러운건 저런 더러운일을 시키는 신도림 총리아닌가"
"103","종이 이 ㅅㄲ는 진짜 ㅈ버1러지 ㅅㄲ네 ㅋㅋㅋㅋㅋㅋㅋㅋㅋㅋㅋㅋㅋㅋㅋ"
"104","종이야 그러다 너 주인공 한테 처 발린다"
"105","포항나오면 재밌겠네 ㄹㅇ"
"106","어느나라 정치와 같네. 말 안들으면 처단"
"107","나중에 포항관련 스토리도 하나 뜨것네 ㅋㅋㅋ 약간 드워프도시느낌이네 ㅋㅋㅋㅋㅋ"
"108","추이야 종하다"
"109","이제야 스케일커지는것인가"
"110","이종이 좀 잔인하게 죽어라"
"111","마음의 소리 후기 계속 연제하지.. 아쉽다..."
"112","포항이 웹툰에 나오는건 처음이네요 포항 사람이라 기분이 참 좋습니다"
"113","베댓 왜 그래 진념이란 양념도 있겠지"
"114","히터는 예전에 신도림에서 뭔가 중요한 직책을 맡은 것이었을 수도. 균박사를 자신이 직접 신도림으로 모셨다고 하니"
"115","작가양반 진념이 아니라 집념 아닙니까?.. 진념은 왕의 근심이란 뜻인디..."
"116","종이로흥한자 종이로 망하리라"
"117","피나렐로네"
"118","진념이라는 단어가 있긴 한데... 작가님이 문맥상 그 뜻으로 쓴 건 아닐 거 같은데. 집념이 맞아 보이는데"
"119","zero한글의 위대함"
"120","포항이 와칸다인듯"
"121","궁금해서 묻는데 종이 이 자식 키드 되기전에 뭐하는 애였냐? 방구석 데쓰노트?"
"122","와 난 배댓보고도 한참 일으시킬 못봤다"
"123","워싱 칭따오"
"124","종이 초반에 진짜 개멋있었는데 지금도 멋있긴한데걍 쓰레기로 밖에 안보여서 ㅋㅋㅋㅋㅋㅋ"
"125","근데 왜 다들 대통령은 안찾냐? 대통령은 으딜가고 총리가 하고있을까??"
"126","대구는 불의도시 강원도는 감자도시 이천은 쌀의도시"
"127","이종이 저 새끼는 소설 쓰면서 죽이네 참 참신하다 저 싸이코패스"
"128","추하다..종이야."
"129","포항제철소"
"130","종이 사실 인싸냐 어딜 가든 다 있어"
"131","워싱칭따오"
"132","종이 저러는게 어쩔 수 없긴 함 쟤도 위에 애가 시켜서 하는건데"
"133","포항 출신 서울 거주자입니다. 계속 거주하겠습니다."
"134","히터는 어떻게 나왔을까"
"135","종이 업보스택봐라 ;; 왕귀하겠네"
"136","오래만에 멋지네"
"137","저 당시에는 라이토가 현재 총재 일 수도 있지. 같은 힘 혹은 물려주고 종이 아끼고, 발차기 의리남이 있었으면 저 박사 살리려고 노력할건디"
"138","워싱칭따오"
"139","종이 죄가 또 하나 늘었다어떻게할래?"
"140","종이 이새낀 장관이 아니라 게슈타포네"
"141","전라도는 얼마나 범죄자의 도시가 되어있읗지"
"142","신도림의 다음 주거지로 비돌이여서 총장은 가만히 있는건가..."
"143","종이야 꼽사리 낄때가있지"
"144","종이야 닉값하자, 물에 들어가서 그냥 신체가 흩어져줬음좋겠구나"
"145","뭐야...? 이번화 처음으로 뭔가 소름끼쳤다..."
"146","종이때문에 참 워싱칭따오"
"147","기사와 그로인한 선동, 파급력이 사람을 우습게 죽일수 있다는 사실을 말하는것 같아서 무섭다"
"148","박사님 w간지시네"
"149","종이 저거 과거에 기레기 아니여"
"150","포스코가 강판에 있어서는 대한민국 최고니까 포항에서 제작, 주문한 것이죠 베댓님. 차체 제작용 강판 역시 포스코가 만드는 것이 강도면에서 훨 좋습니다~ (* 그 회사 근무하는 사람은 아녀라~ 금속공학 전공했을 뿐 ㅋ)"
"151","관상은 과학이 아니었다?!"
"152","와... 심오"
"153","집념과 신념을 합친게 진념입니다 ㅋ"
"154","종이 이색힌 뭔 처형집행관이노"
"155","종이는 지가 종이에 데스노트 쓰는 시간 안기다려주면 박형석처럼 스킬발동 불가한거 아니냐"
"156","일으시킬 : 좋아 자연스러웠어"
"157","타이거디는 종이 왜 살리고 디진거지 ㅠㅠ 마음아프다"
"158","작가님, 마지막 연출 멋있습니다. 늘 재밌게 감상하고 있습니다. 감사합니다."
"159","저번화에서 시합 진 애 비돌로 귀화하자는 말 듣고 신도림에 남을 수도 그래서 2 대 2 구도 되서 나중에 1243승 1243패 동률로 만드는 거지. 물론 걍 추측임"
"160","뀨<U+0001F643>"
"161","라이더들 나어면서 노잼이요 ㅠㅠ"
"162","진념 이라는 단어는 실제로 있는 단어입니다윗사람이 아랫사람의 사정을 걱정하여 생각함 이라는 뜻입니다 ㅎㅎ"
"163","자전거 factor사 O2 모델이랑 비슷한거같네"
"164","이걸 문과가...."
"165","와 오늘 내용 없는 듯 보였지만 진짜 알찼다 넘치는 떡밥에 세계관확장까지 ㄷㄷ; 가보자 가보자 신세계로"
"166","또 또 종이!!!"
"167","종이디져♡죽어♡"
"168","아으 종이 싸발적이네 진짜;;"
"169","마지막장면 멋있다 구도가"
"170","포항에 포스코있잖아...."
"171","또 너냐???"
"172","저 오늘 처음보는데 종이 직업이 소설작가에요?"
"173","작가님 제발 종이 종이로 죽게해주세여 ㅈㅂ 하 ㅈㅂ... ㅈㅂㅈㅂㅈㅂㅈㅂㅈㅂ 뒤져 종이"
"174","포항제철모르냐 무식한것들"
"175","한 화만에 박사의 이미지를 너무 잘 담은것 같다"
"176","종이 걍 다 내장 찢기고 토막나서 듸졌으면"
"177","좆이새끼 ㅉ"
"178","포항 우리나라에서 제일 독립된 좋은도시"
"179","워싱 칭따오"
"180","맞춤법만 어찌하면 진짜 완벽한 웹툰 아닐까 싶음"
"181","포항인 뿌듯하노 ㅋㅋ"
"182","새 자전거 타막sl7 같다 작가님도 자덕인가요?"
"183","재밌는데 진수 너무보고싶다ㅠㅠㅠ 빨리 천둥이랑 합류해죠ㅜ"
"184","이종이 또 너야? .."
"185","워싱 칭따오"
"186","이종이가 기레기의 대표급이구만"
"187","저 균박사님기준에서는 애들이 다 멍청해보이긴 하겠다. 본인은 최고의 공학박사인데 나머지애들은 힘만 쎈 고졸 혹은 중졸 들이니"
"188","클린봇 네이녀석!! 뭔지궁금하잖아!"
"189","포항 떡밥 푼다. 포항에는 과메기가 맛잇고 철의강자 포스코가 있다.이상"
"190","이종이 또 너야?!"
"191","그리고 포항에는 포스텍이랑 포항공대, 포항공고 등 엘리트들 다 몰려 있으니까 포항에서 수급 하는거겠지"
"192","님들 포항이 왜 포항인줄 앎? 배 들어올때 뽀왕~ 해서 포항임"
"193","아니 포항제철소 ㅈㄴ유명하다 아님? 이건 초딩 사회 시간에 배우는건데? 얼마나 기초상식이 없으면 어떻게 철을 마련해 오는걸까 ㅇㅈㄹㅋㅋㅋㅋ 폐기된 제철소에서 꺼내 오겠지 인마들아"
"194","워..워싱칭따오"
"195","워싱칭따오"
"196","이종이 노트도 포항에서 만들었겠누ㅋㅋㅋ"
"197","와 보자마자 종이 이새끼 안 끼는 곳이 없다 생각했는데 그게 첫 배댓이네 ㄷㄷ"
"198","베뎃: 치해서 추가 떨림"
"199","워싱 칭따오"
"200","아주 예~전에 ""그게 너의 사망원인이다""라고 말할땐 엄청 멋있었는데 지금은 그냥 좀 <U+0001F415> 같달까"
"201","포항죠아"
"202","딱봐도 직접 배달한 자전거에 증거있는거아니냐"
"203","종이... 첨에는 간디퐁풍의 악역있었는데... 왤케 지루해졌냐... 뭐었을 위해 일하는 지도 모르는 불쌍한 종자가 되었어... ㅉ"
"204","종 또이야?"
"205","종이 또 너냐ㅋㅋ"
"206","종이는 결국 총리가 시킨거 잘하는 착한어린이"
"207","ㄹㅇ 포항에 오른이라도 있나 어케 만들었노"
"208","박사님 ㅈㄴ 멋지다"
"209","종이 접기장인은 안나오나??"
"210","진념의란 단어도 있지만 문맥상 집념일거란 생각이들어서 ㅎㅎ"
"211","진념이 아니라 집념 아닌가요"
"212","워싱칭타오"
"213","포항에 있는 키즈가 중요한거지 비브라늄 ㅇㅈㄹㅋㅋ"
"214","종이 이쉑은 죽여도 죽여도 사인을 계속 뽑아내네ㅋㅋㅋㅋ소설가해도 될 듯"
"215","포항은 포스코"
"216","박사보고 확실해졌다.키즈는 두뇌성장도 멈추게함"
"217","파이팅"
"218","추이야 종하다..."
"219","완결 마렵다 묵히자니 2년은 기다려야 될것 같은데"
"220","종이 사망원인: 포스트잇 다써서"
"221","여기 네이버 웹툰에서는 워싱 칭따오라는 전염병이 생겼다.지금도 계속해서 배뎃을 해내고 있다.이 바이러스의 백신은 어느 웹툰이 다른 유행어를 만드는것"
"222","님들 종이는 총리의 칼이란걸 알아야함그러니까 둘다 곱게 죽이면 안될 것 같네요 작가님 ㅎㅎ"
"223","이종이 또 너냐...넌 곱게 죽긴 글렀따...."
"224","또이가 종..."
"225","워씽 칭따오"
"226","그 간지 철철 흘러넘치던 이종이가 맞냐... 이종이는 ㄹㅇ 캣새키다..."
"227","균박사라길라 새균맨 그런건줄알았는데....존나 카리스마있어..."
"228","애미종이 또 소설쓰시네 ㅋ"
"229","워싱칭따오"
"230","니하오마 워씽 칭따오"
"231","총리가 문재인이고 이종이가 딱 조국, 추미애네"
"232","오토바이를 타지 그냥..."
"233","오직 경험과 '진념'이아니라 '집념' 아닌가 음 오타일까,, 진념이라는 단어가 있나? 찾아보러가야겠다"
"234","또 너냐, 이종이?"
"235","재밌다 포항항항항"
"236","이종이!!!"
"237","이종이 또 저 ㅈㄹ이노 ㅋㅋㅋ"
"238","포항제철소있어서 강철도시인가"
"239","종이라는 건 물에도 없어지고 찢어져도 없어지죠"
"240","워싱칭따오"
"241","아오 종이 저 색기...종이접기 국가대표 키즈 나와서 참교육좀 해줘라"
"242","툭하면 종이네 넌 진짜 불덩이 다루는 키즈한테 재 될때까지 쳐맞겠다"
"243","야 종이야...."
"244","워싱칭따오 이게 베댓치트키라매나도 베댓되는거냐??"
"245","종이는 종이 없으면 뭐가되지"
"246","포항에 제철소 있다는걸 모르는 베댓들이 많네..."
"247","종이는 구라쳐서 비호감인데"
"248","추이 너무 종하다 이새꺄."
"249","종이는 끝까지 쓰레기구나?"
"250","집념 진념"
"251","생각해보니까 히터가 먹는사탕도 뭔가 의미있지않을까 점점 줄어드는거 같던데"
"252","이종이가 이종이했네"
"253","내 죽음이 이종이보다 가취 있기를"
"254","포항 제철 회사pohang steel company posco"
"255","이ㅈ이"
"256","걍 포항이 제철의 도시라 제철소에서 일하던 키즈들이 강철 만드는거 아님? 별 의미 없이.."
"257","종이 수첩 1주일 압수 ^^"
"258","종이놈은 진짜 세탁불가능"
"259","천둥 빠따가 저 자전거를 깨부수게 되는건가"
"260","포항항"
"261","너 인성 문재있어?"
"262","이번화 중간에 검찰총장이 고개숙이는 장면이 원전을 개박살낸 문재인과 대비되네"
"263","진념? 집념이 아니라?"
"264","워싱칭따오 이거....왜하는거임?"
"265","오옹 포항은 핫도근디"
"266","포항시민은 행복합니다"
"267","마지막.. 창크나이트님???"
"268","포항제철 지리누"
"269","옛날에는 종이 저 멘트 개간지였는데 이제 꼴보기싫네"
"270","작가님, 광양은요?"
"271","포항에 고3민형아 낼 문학인데 이거보는거 안다 빨리 공부해라"
"272","종이가 종이를 찢네...동족 사살도 하는 잔인한 놈"
"273","포항에 키즈있나보네박사가 전기좀 주고 받아왔을듯 하다"
"274","와우 스토리 빌드업 진짜 대단하시다..."
"275","아오 종이 진짜 찢어버리고 싶네"
"276","워싱 칭따오"
"277","사형선고 올만이넹 저 똘추새기"
"278","이종이 종이 없으면 ㅂㅅ이면서"
"279","포항사람으로서 뿌듯하군"
"280","작가님 궁금한게 있는데 청와대 지하의 벙커는 지진 이후 사라진 건가요? 아니면 강북 소유인가요? 아니면 다른 세력이 있나요?"
"281","워싱칭따오"
"282","저새끼종이는 포항산 알류이늄호일임?"
"283","종이 몽둥이찔짐 좀 받아야겠더"
"284","일으키실 일으시킬ㅋㅋㅋㅋ 진짜 눈치못챘네 한글의 위대함이란.."
"285","아. 종이 진짜 ..하"
"286","ㅇㅍㅅ 골드로져느낌이군 사건의 시작을 알리는 죽음"
"287","크으으으으으으박사님 비록 짧은 첫 등장이였지만 엄청 임펙트 있으시네"
"288","종이야, 적당히 하지?"
"289","워싱칭따오"
"290","포항에 철의 도시 포스코 있으니깐 그런 컨셉 잡은거지 바보들.."
"291","종이 이시키는. 살인마네. 다죽이삐노"
"292","균박사 ㅈㄴ 까리하다"
"293","이종이가 아니라 또종이네"
"294","진짜 종이한테 지건 꽃고 싶다"
"295","진짜로 말도 안되는 데쓰노트가지고 있는 색 답다다워"
"296","워싱 칭따오(이 웹툰이 도데체 왜 여기 있는지 모르겠네?) 워싱 칭따오(빨리 올려드리자)"
"297","머야 머찐 아저씨 애 나오자마자 뒤죠ㅜㅜ"
"298","아니 그래서 종이 저 새1끼가 쓰는거 보는 새1끼 있냐고"
"299","포항 출신 인천사람으로써 자랑스럽기까지하네요"
"300","작가님 근데 중간에 진념이라고 그러셨는데 신념의 오타인가요 집념의 오타인가요?ㅋㅋㅋ"
"301","일으시킬 ㅋㅋㅋㅋㅋㅋㅋㅋㅋㅋㅋㅋㅋㅋ 오타발견"
"302","진수야 복수할차례야 새차뽑았으면 일해야지"
"303","워씽칭타오"
"304","종이 열장 찢어버리고 자러간다"
"305","포항에선 대체 무슨 기술을 만들어낸거지.. 키즈들 전력에도 버틸 수 있는 철이라 조만간 한번 나오지 않을까 싶네"
"306","종이는 제발 끔살 당하길"
"307","이종이 이새기는 진짜 관종이 따로 없구나. 낄데 안낄데 구분도 못하고 그냥 여기저기 다 낄껴해서 분탕질 치노?"
"308","포항에 가면 비브라늄도 있고 아다만티움도 있고 우르도 있고~"
"309","저저저 저 이종이 저놈 데스노트질 또하네 저 파탄범"
"310","ㅈㄴ멋있디"
"311","김균 개멋있네"
"312","저새끼 또 혼자 소설쓰네"
"313","포항 제철"
"314","종이 저새끼는 비행기마냥 구겨져서 뒤지면 좋겠다"
"315","포항에 사는데 여기에 무슨 일이? 베뎃 보니까 독립적인 도시? 비브라늄? 와칸다? 와칸 포에버ㅓㅓㅓㅓㅓㅓㅓㅓㅓㅓㅓㅓㅓㅓㅓㅓㅓㅓㅓㅓㅓㅓㅓㅓㅓㅓㅓㅓㅓㅓㅓㅓㅓㅓ"
"316","집념오타!! 진념으로 써져있어요"
"317","중간에 진념?? 집념???"
"318","종이 병"
"319","종하다 추이야"
"320","종이 또 너야???"
"321","워싱 칭따오(존나 멋있다)"
"322","자전차 말고 오토바이 땡기면 안되나...?자동차도 많이 끌고 댕기드만?"
"323","종이야 추하다"
"324","찐특인가"
"325","배댓아 포항에 제철소가 있잔냐..."
"326","쿨하네...균"
"327","이종이가 또 종이했네딱 봐도 대체 못하는걸"
"328","이종이 약투하면서 고작한다는게 조작하는거냐?"
"329","진짜 종이만큼 민심 떡락한캐릭이 없는듯데스노트 간지나는 국방부장관에서 둘도없는 쓰레기등극"
"330","참 막컷 뽑는게 예술이란말이지"
"331","금관가야의 도시 포항아니냐"
"332","저거 다 총리가 시킨건데 왜 종이만 까냐ㄹㅇ ㅋㅋ"
"333","종이 송대x 급이네 일상이 주작이고 매 화마다 복귀각 씨게 잡네;"
"334","종이 저 병ㅅ은 항상 저러네"
"335","윈드부레이커냐"
"336","종이 인성문제 있어?"
"337","이제 a4용지도 싫어진다"
"338","종이가 제일 지질한놈이네 지 배알 꼴리면 무조건 죽이고 지가 타이거 디 형님 죽여놓구 천둥 니가 죽여따 이 ㅈㄹ 떠는 모습 보고 깍둑썰기로 1200등분 하고 싶었음 ㅎㅎ 제발 누구 말고 꼭 천둥에게 비참하게 죽어라"
"339","진념이 아니라 집념"
"340","작가님 사시는 곳이 포항이신가?"
"341","종이 이새기는 타이거디가 대가리 부쉈어야했는게 왜 살렸냐"
"342","웅장이 가슴해진다"
"343","워싱 칭따오"
"344","궁금한데 하트히터 여기가 먼저임 열랩이 먼저임?"
"345","포항공대라서 살아남은거군 역시 큰일은 이과가...!"
"346","어휴 종이 쉐끼"
"347","다죽어"
"348","작가님 경험과 집념 아닌가요? 진념?"
"349","비브라늄이 아니라 고딩들이 키즈가 되는건데 그중에 용접이든자전거 제작 관심 있는 애들이던 제철쪽에 취업 나가있는 고딩들이던 금속 세공이던 뭐던 그런쪽으로 키즈능력 발현된 애들도 있겠지..판치기 키즈 능력도 생기고 그걸로 땅도 부수는 애들인데 뭔들 없겠니.."
"350","그나저나 종이 글씨체하난 예쁘네"
"351","문재앙 정권 보는거 같네"
"352","이종이... 또 너야?"
"353","서울 부산 해줬으니 이제 포항세계관도 궁금해지네"
"354","종이접기당해서불에타 죽기를"
"355","하악 진수내놔"
"356","경험과 진념이 아니라 집념 아닐까나요?"
"357","이번꺼 내용이 좀 긴거 같습니다.쿠키 잘 구웠네요 <U+0001F60A> 감사합니다"
"358","나는 다음화를 원한다.."
"359","포항의 철들도 방사능 때문에 ㅋ비브라늄으로 바뀐거 아님 ㅋㅋㅋㅋㅋㅋ"
"360","히터 뭐하는애냐 ㄹㅇ 박사도 데려왔네"
"361","종하다 추이야"
"362","그래서 진수는 어딨어?"
"363","작가님 이런 재미있는 이야기 써주시니 감사하지먼 빨리 진수랑 천둥이랑 만나는거 보고싶어요 ㅠㅠ"
"364","강철도시 포항으로 알 수 있는것이 부산은 이미 생선 및 해적으로인한 싸움의 도시가 되었지만 그 다음 다른 지역과 가장 교류가 많은 포항이 언급이 되는건 당연하다고 보고 작가님의 세계관은 신도림과 비돌이 아니라 그 후의 세계관을 볼 수도 있다고 보네요!! 작가님 항상 잘 보고 있습니다!!! 매 화가 떡밥이네용"
"365","포항 포스코 철강업계에선 1위지"
"366","문종이가 문죄인이네 그냥"
"367","종이는 타죽을까?"
"368","종이는 절대 그냥 죽이면 안된다.. 종이 비참하게 죽는 화는 19금 꼭 걸었으연 좋겠다. 사실묘화 때려넣고"
"369","진념이 아니고 집념아니냐"
"370","이정도면 종이 데스노트 주인공아니냐.. 뭐 적는데로 다죽어"
"371","갓오하 이런게아니라 신도림이 애니화했음 좋겠구만"
"372","종이가 기레기 맞네 밟아죽여도 시원찮을..."
"373","이종이 일처리 하는 꼬라지 진심 죽여버리고 싶네"
"374","워싱 칭따오"
"375","파워레인저는 저자전거 타고옴?"
"376","처음 봤는데 존내 멋있네.."
"377","워싱 칭따오"
"378","종이 얼마나 양치기하고다닌거니.."
"379","역시 세계 2위 생산량을 자랑하는 포스코"
"380","뒤이 종졌으면..(워싱 칭따오..)"
"381","저 특별하다고 말한 자전거 싯포스트 내부에 기밀서류 같은거 있을것 같다"
"382","종이라니 이폐지 입니다."
"383","캬 박사갓.. 개간지네"
"384","으... 종이다"
"385","저 추한 새ㄲ1좀 빨리 뒤졌으면ㅋㅋ"
"386","온갖 개같은짓은 종이가 다 맡아서하네 ㅋㅋ"
"387","종이저새낀 키즈능력이 꼽사리였네 안끼는데가 없어"
"388","총리는 무력으로 신도림을 이루어낸거같네요리더가아닌 보스로 무력으로 이루어진거니 불만은 많겠죠지금 이 화를 계기로 신도림에 균열이 가겠네요지난화부터 보여주는거보면 신도림의 내부균열의 시발점이 될거같습니다 이걸 비돌측이 어떻게 대응해낼지 궁금하네요"
"389","볼때마다 궁금한건데 히터는 맨날 똑같은 씬 반복해서 찍어놓는거 보면 작가님 히터 싫어하는듯"
"390","죽음이 내 진실의 첫걸음이 될거다... 크으 언제 봐도 마지막 컷엔 소름?전율끼치네요"
"391","종이도 비오는날 먼지나게 처맞아야된다"
"392","종하다 추이야... 호랑이형님 가서 추이 형님 보고 인성 좀 배워온나..."
"393","기레기 ㅅㅋ 진짜 쳐죽이고싶다"
"394","작가님 진념이 아니라 집념입니다. 오타 수정해주세요!"
"395","휴 여기는 워싱 칭따오가없다"
"396","자전거타는 애가 온다고 해도 발전소는 어떻게 만들어?"
"397","종이에 . 붙이면 총이 ㄴㄹㅇㅁ로 이야기되는 발음 법칙하면 총리지"
"398","우리 종이 제발 사지 멀쩡하게 죽지만 말았으면 좋겠네요"
"399","포항 제철도시여서 포항이야기 하는거자나...한국처음 철강사업시작한 포스코 있는곳이여서 작가님 이야기하는거 같은데 무슨 지역특성도 모르고 말을하는거지..."
"400","간만에 애들사이에서 진짜 어른이 나타나니까 애들이 이해를 못하는건가"
"401","추이야 종하다"
"402","김균아재 등장첫화만에 가서 안타깝지만 멋있다"
"403","종이 이 싸패녀석총리한테 애정결핍인듯"
"404","종이가 안 끼는데가 없는 이유가 우리일상에 종이가 어느곳에든 껴있잖아ㅋㅋㅋㅋㅋㅋㅋ"
"405","진념이 아니라 집념 아닌가요??"
"406","이종이 또 너야?"
"407","포항은 제철도시잖아.. 바부들앙.."
"408","종이 그냥 망나니랑 다를바 없네 사형집행관이네"
"409","부러쓰 부러쓰 죽어브러쓰"
"410","진수마렵다 언제 또나오냐"
"411","종이가 주인공이냐 ㅋㅋ 심한데 이샛기"
"412","종하다 추이야. ."
"413","종이가종이햇네"
"414","또 너야???"
"415","다음 연재는 포항이란 웹툰인가"
"416","이종이 ㄹㅇ 네웹 역사상 가장 잔인하고 고통스러우며 비굴하고 처참하게 자비없이 최후를 맞이 했으면 좋겠다"
"417","그런데 맨날 사망원인 적어놓고 지가 시신을 두동강 내놓고 가는데 종이가 했다는걸 모르는사람이 있긴할까 ㅋㅋㅋ"
"418","오룡이 자리 잡고 있으니 오룡 다 짜르고 총리가 대가리 먹는거지"
"419","워싱 칭따오"
"420","검찰총장 장관급 한명 또 나왔네"
"421","강철도시라 그러니까 간지 개쩐다"
"422","워싱 칭따오"
"423","종이쉨 초반엔 악역간지에 중반엔 추했는데 이젠 안끼는데가 없다보니 나중에 업보 청산 받을거 생각하니 웃음이 나오네ㅋㅋ"
"424","자전거 안에 뭐가 있나?"
"425","하... 디 형님의 가장 큰 실수는 저 쓰래기를 살려뒀다는거야"
"426","종이이새끼는 좀 쳐맞아야돼"
"427","내 죽음이 진실의 첫 걸음이 될거다..."
"428","박사님 개멋있네"
"429","일으시킬 ?"
"430","또 이종이 너야?"
"431","작가님 중간에 대사중에 '무슨 문제를 일으시킬 분이 아니잖아'여기서 '일으키실' 아닐까요 ? 아무도 눈치못챈건가 ㅋㅋ"
"432","이종이 추하다 맨날 저따구로 헛소리나하고 언제 죽냐?"
"433","종이 허더럴년 타이거한테 뒤졌어야했는데"
"434","우리 이종이 종이처럼 찢겨질날이 기다려진다"
"435","종이도 좀 불쌍하네 맨날 더러운건 자기가 도맡으니"
"436","이야 종이는 여기서 떨어질곳이 더 있구나"
"437","진실의 첫걸음이라.. 지금 가장 필요한 부분이네"
"438","타다가 망가진 자전거는 피나렐로 도그마 f10, 그 뒤에 트렉 마돈 slr 이랑 벤텀원 TT, 박사님이 가져다 준 자전거는 캐년 얼티밋 cf slx뭐야.. 작가 캐년빠였잖아"
"439","1. 신도림의 멸망박사가 의미한 멸망은 아마 자연재해가 아닌, 인재라고 볼 수 있을 것 같음. 여기서 추측할 수 있는 건, 멸망은 총리로부터 시작된다는 거임. 이유는 종이 측에서 구속수사를 할 정도로 민감한 사안이라는 건 총리에게 독이 된다는 뜻임. 때문에 박사는 총리로 인해 파국으로 치닫고 있다는 걸 깨닫고 그 증거물을 자전거에 숨긴 것으로 추정됨.2. 자전거의 비밀지금 쟤네가 타고있는 자전거를 보면, 균 박사가 선물해준 자전거로 추정 가능함(겨우 제작했다 했으니 비슷한 것도 없을 것임). 그리고 숨겨진 곳은 자전거의 안이라고 추정. 구속수사를 했음에도 찾지 못한 것이라면 자전거의 내부밖에 없음.3. 총리의 목적이건 개인적인 추측이지만, 총리는 완벽한 '왕'이되고 싶어하는 것 같음. 지난번에도 나왔지만 대기업 사장 >= 장관 으로 볼 수 있음.즉, 총리가 강압적으로 무얼 할 수 없다는 뜻임.그러니까 신도림을 안정화시킨 다음, 거부하는 사람들을 다 죽이려는 것일듯."
"440","추이야 종하다"
"441","저 종이 진짜 추하다 못해 더럽네"
"442","총리가 시켰을게 뻔하니까 총리도 같이 뒤졌으면 ^^"
"443","종이는 양학러인가봄 ㅋㅋㅋㅋ ㄹㅇ 장관타이틀 ㅈㄴ 아까움"
"444","이종이새기 처참하게 찢어발겨져 최후를 맞이했으면 ㅂㄷㅂㄷ"
"445","종이 멋대로 사유적는거 왜래 거슬리지"
"446","워싱칭따오"
"447","신도림 세계관에는 지건 마스터 없나요종이 명치 ㄹㅇ 지건 마렵네..."
"448","종이는 진짜 갈기 갈기 종이처럼 찢어서 죽어야한다. 박원순보다 못한 새끼"
"449","그래도 저 키즈들 사회적 위치가 상당하나보네 검찰총장은 최대한 예의를 갖춰서 존댓말 하고 키즈들은 그냥 반말 해버리네"
"450","종이야 종이야,,,,,"
"451","균등할 균. 만인에게 균등하게 에너지를 나누는 박사..."
"452","종이 페이지에 역겨움을 달아놨네 마지막페이지는 니이름 쓰고 죽어줘 ㅎㅎ"
"453","이 정도면 포항에 오른있음"
"454","어째 종이는 페이지를 넘길때마다 역겨움이 늘어나냐"
"455","종이는 찢어야 제맛"
"456","이것은 타이거D의 설계다."
"457","타이거디형님.. 왜그러셨어요"
"458","포항=한국판 와칸다"
"459","타이거D의 인생 최대 실수는 종이를 살려놨다는거다"
"460","종이 왜사냐..."
"461","걍 포항이 제철 도시니까 그렇게 표현한거지 무슨 떡밥이야..혼자 소설을 쓰고 저딴게 베댓ㅋㅋ"
"462","ㄹㅇ 종이년 d 성님이 보내셔야 했는데"
"463","근데 세계관 최강 정보력을 가진 히터는 김균 박사가 죽은게 아니라 다른지역으로 떠났다고 알고있는데 저 박사 안죽은거 아님?? 종이가 죽이려는거 누가 살려준게 아닐까 싶음"
"464","종이는 총리한테 버림받아서 죽는게 딱좋을듯"
"465","조만간 땡전 출동해서 종이 개박살나겠네 ㅋㅋ"
"466","워싱 칭따오"
"467","에혀... 땡전은 뭐좋다고 신도림에 계속있는건지.. 이기회에 이종이 압박 거하게받고 급발진줘패맞길바란다 ㄹㅇ"
"468","난 솔직히 이쯤되면 이종이 좀 안쓰럽다. 이가때 빼고는 총리 명령으로 신도림에서 누군가가 해야할 욕먹을일을 지가 다하고 욕이랑 욕은 다먹고 있잖아."
"469","종이는 타이거 손에 뒤져야한게 맞다"
"470","칭따오 워싱"
"471","사인이 죄다 종이에 베여서 죽었는데 ㅋㅋㅋ 범인이 종이인거 모르는사람이 있을까 ㅋㅋㅋ 신도림 붕괴되면 제일먼저 잔인하게 찢겨죽을거 백퍼 종이임 ㅋㅋㅋ"
"472","워싱칭타오(이종이 쓰례기)"
"473","종이 저거 나중에 죽으면서 자신만의 개똥철학 말하면서 죽으면 아주 거지같겠다"
"474","집념"
"475","쓰다가 필요없어지면 치워버리는 윗혹은 뒷세계 특징인거시야요"
"476","왠지 작가님 독재정권에 맞선다 라는느낌으로김귤박사 김구선생님 모티브로 만드신거같은데 진짜 최고십니다..."
"477","가면 갈수록 역겨운 종이;;"
"478","이종이!!또 너야?!"
"479","종이가 총리 똥닦는 비데정도 되는거네 더러운일 다 맡아하는꼴이 비참하고 추하게 뒤질듯..아격은익뚝하니까"
"480","김귤박사 간지"
"481","워싱칭따오!"
"482","종이쉑 메모지도 포항에서 만듬?"
"483","저정도면 모닝클로리에서 종이 명예회장직 줘야한다"
"484","이종이 업보 준내 쌓는데 대체 천둥한테 어떻게 뒤질지 상상이 안 간다"
"485","이정도면 신도림 망하고 있는거 종이때문 아님?"
"486","천둥 새 배트도 포항에서 만들었는데 저 자전거도 포항에서 만들어졌네 갓철도시ㄷㄷ;;;"
"487","포항하면 과메기 아니야 포항제철은 언제적 포항제철이야 포항은 과메기지 ㅋ"
"488","종이! 또 너야??"
"489","종이 개아기"
"490","종이.. 또 너야?"
"491","종이 이새낀 진짜다"
"492","균박사님 생물학 전공일 줄 알았는데 물리학 전공이셨네"
"493","종이 진짜 하나하나 맘에안드네"
"494","이쯤되면 포황에 있는 놈들이 세계관 최강자들 아니냐"
"495","적폐의 끝판왕이다"
"496","종이 땡전한테 발리는 모습이 벌써 보고싶네"
"497","종이 저새끼 박사 죽이고 무한동력팀 비돌로 귀화하는 것까지 막으려 하는거면 양심이 없는거지 ㄹㅇㅋㅋ"
"498","이종이가 악의 축 이네"
"499","워싱 칭따오"
"500","종이는 그냥 타이거 디 한테 죽었어야함"
"501","종이 이새낀 사람새끼냐? 안끼는데가 없네 진짜"
"502","종이 ㅋㅋ"
"503","종이는 진짜 세계관 최강 추함이다.."
"504","이제 시작인가"
"505","종이새끼 진짜 중2병이냐"
"506","개종이 기레기새끼 진짜 못된짓은 다하고 다녔네"
"507","종이 몇명을 보낸거냐? 전투와 인성 다 갖춘 이가, 정보력 최강인 히터, 기술력 쩌는 균박사 머 주요인물 다 ㅂㅅ만들거나 추방시켜버리네"
"508","종이는 진짜 기레기중에 기레기다..."
"509","이종이 또 너야????"
"510","이게 진실로 신도림측에들어가면 저 네명이 비돌로간이유를알아서 시위하겠네 종이는 맨날 비리아니면 자살이야 신도림측인간한테는 래퍼토리가똑같아 종이는 진짜로 총리나가리되고 살아남아도 종이편는없을거임"
"511","포항항 포에버"
"512","사망원인을 저따구로 쓰니까 맨날 들키지."
"513","히터는 왜이렇게 인재를 잘 발견함ㅋㅋㅋㅋㅋ"
"514","응 10점"
"515","종이 신박한 시나리오가 없네"
"516","포항이 제철로 유명한데 방사능에 영향을 받았고 거기 기술자들도 방사능에 영향을 받았다면 천둥의 야구배트나 점보의 강철팔 이 나온게 이해가 간다"
"517","종이 갈기갈기 찢겨죽으리"
"518","그나저나 포항은 서울권이랑 다르게 독립적인 도시를구축한건가?강철은 또 어떻게 수급하고 있을지 떡밥투성이인 곳이네빨리 다른 도시들도 나왔으면....."
"519","지들 반대의견 내는쪽 싹다 밀어버렸네 그만큼 인재도 사라졌으니.. 흠"
"520","종이 저러고 다죽이고 다니니까 모르는 새기들이 없지 ㅋㅋㅋㅋㅋㅋ 신도림간부 대다수가 이종이한테 다죽어나가네"
"521","나 별점 10점 처음봐.."
"522","와... 박사라서 이미 신도림이 무너지는게 더 빨리 알아차린건가. 썩어버릴때로 썩은 현신도림 그러고 왠지 신도림이 강북 건설을 서두른거도 왠지 신도림이 지하도시이기 때문에 노화되서 무너질 확룔이 높은데..."
"523","종이는 소설도 3류작가 수준이면서 안끼는 곳이 없어요"
"524","ㅋㅋㅋ 나중에 신도림 망하면 다 종이탓인듯 유능한 인재들 죽이기능력자 이ㅈ이ㅋㅋㅋ"
"525","사신컨셉 지겹다 데스노트찍냐"
"526","종이 이 새끼 점점 사망원인 패턴에 성의가 없어.뭐만 하면 비리에 기술유출이래..."
"527","종이는 뭐 적이넘치는구만 ㅋㅋ"
"528","이쯤되면 신도림 내에서 총리 빼고는 죄다 이종이를 적으로 보고있는거네ㅋㅋㅋ"
"529","이종이 밥맛인건 몇화를 지나건 몇번의 과거를 지나건 한결 같네.."
"530","천둥이랑 종이 리매치 생각하면 가슴이 웅장해진다.."
